{
    "path_count": 141,
    "parsed_path_count": 141,
    "static_analysis_path_count": 2,
    "static_analysis_parsed_path_count": 2,
    "is_partial_parse_enabled": true,
    "is_static_analysis_enabled": true,
    "read_files_elapsed": 0.013286756002344191,
    "load_macros_elapsed": 0.5554374540224671,
    "parse_project_elapsed": 0.30298049305565655,
    "patch_sources_elapsed": 1.0809977538883686e-05,
    "process_manifest_elapsed": 0.01675997895654291,
    "load_all_elapsed": 1.0291748760500923,
    "projects": [
        {
            "project_name": "my_new_project",
            "elapsed": 0.29959664994385093,
            "parsers": [
                {
                    "parser": "model",
                    "elapsed": 0.16616046999115497,
                    "parsed_path_count": 2
                },
                {
                    "parser": "test",
                    "elapsed": 0.13242145697586238,
                    "parsed_path_count": 1
                }
            ],
            "parsed_path_count": 3
        },
        {
            "project_name": "dbt_fabric",
            "elapsed": 0.0023076171055436134,
            "parsers": [],
            "parsed_path_count": 0
        },
        {
            "project_name": "dbt",
            "elapsed": 0.0009540650062263012,
            "parsers": [
                {
                    "parser": "doc",
                    "elapsed": 0.00021310499869287014,
                    "parsed_path_count": 1
                }
            ],
            "parsed_path_count": 1
        }
    ]
}